{
    "$schema": "https://schema.management.azure.com/schemas/2019-04-01/deploymentParameters.json#",
    "contentVersion": "1.0.0.0",
    "parameters": {
        "appServiceName": {
            "value": "kmopenaibotapp"
        },
        "existingAppServicePlanName": {
            "value": ""
        },
        "existingAppServicePlanLocation": {
            "value": ""
        },
        "newAppServicePlanName": {
            "value": "kmopaibotappserviceplan"
        },
        "newAppServicePlanLocation": {
            "value": "westeurope"
        },
        "newAppServicePlanSku": {
            "value": {
                "name": "S1",
                "tier": "Standard",
                "size": "S1",
                "family": "S",
                "capacity": 1
            }
        },
        "appId": {
            "value": "0a5d9e47-86d2-466a-b53e-e63c9ca66ccd"
        },
        "appSecret": {
            "value": "P@sswordP@ssword"
        }
    }
}